,abl,D1-D2,D1-D3,D2-D1,D2-D3,D3-D1,D3-D2,type
0,"{'temporal_type': 'TRN', 'ablation': {'gsd': True, 'gtd': True, 'grd': True, 'domainA': True}}",42.39999998982747,39.733059563920726,53.79310338688993,43.4291581030499,49.19540232515883,45.199999989827475,top1
1,"{'temporal_type': 'TRN', 'ablation': {'gsd': True, 'gtd': True, 'grd': True, 'domainA': True}}",43.599999989827474,41.478439425051334,54.0229884443612,47.63860372743078,50.34482756866806,48.79999997965495,best
