,abl,D1-D2,D1-D3,D2-D1,D2-D3,D3-D1,D3-D2,type
0,"{'temporal_type': 'TRN', 'ablation': {'gsd': True, 'gtd': True, 'grd': True, 'domainA': True}}",41.73333332316081,39.01437373229855,53.33333322810031,45.58521559791643,48.50574711328265,46.53333331298828,top1
1,"{'temporal_type': 'TRN', 'ablation': {'gsd': True, 'gtd': True, 'grd': True, 'domainA': True}}",42.39999998982747,42.09445586782216,54.0229884005141,47.84394253646568,50.11494255504389,46.79999997965495,best
